LOR,LOR Name,31.12.2017,31.12.2007,31.12.2008,31.12.2009,31.12.2010,31.12.2011,31.12.2012,31.12.2013,31.12.2014,31.12.2015,31.12.2016
01011101,Stülerstraße,81,37,31,18,25,32,44,43,55,68,81
01011102,Großer Tiergarten,7,4,3,6,-,-,-,3,6,6,7
01011103,Lützowstraße,31,27,27,30,18,27,31,39,43,36,30
01011104,Körnerstraße,45,18,15,28,34,26,38,59,45,46,43
01011105,Nördlicher Landwehrkanal,16,9,9,9,9,15,16,15,7,15,10
01011201,Wilhelmstraße,22,6,7,13,9,6,12,9,9,15,12
01011202,Unter den Linden Nord,9,-,-,-,-,6,3,6,9,4,6
01011203,Unter den Linden Süd,15,-,3,-,-,9,6,14,17,12,11
01011204,Leipziger Straße,81,16,16,12,24,28,50,61,61,55,71
01011301,Charitéviertel,106,33,42,51,59,58,72,71,66,78,92
01011302,Oranienburger Straße,153,68,75,98,87,109,131,130,153,139,148
01011303,Alexanderplatzviertel,141,49,43,57,66,76,100,117,132,111,122
01011304,Karl-Marx-Allee,101,3,3,19,15,24,30,43,58,83,104
01011305,Heine-Viertel West,64,21,17,7,27,28,46,51,49,51,62
01011306,Heine-Viertel Ost,87,7,9,18,10,21,30,42,64,73,78
01011401,Invalidenstraße,206,90,95,117,120,148,147,168,172,191,187
01011402,Arkonaplatz,192,74,95,81,99,117,136,172,177,208,204
01022101,Huttenkiez,20,3,9,9,6,3,15,15,18,25,16
01022102,Beusselkiez,40,15,-,13,27,22,26,35,34,39,38
01022103,Westhafen,-,-,-,-,-,-,3,-,-,3,-
01022104,Emdener Straße,135,41,53,53,63,49,84,125,119,118,145
01022105,Zwinglistraße,37,3,-,13,3,13,21,22,27,24,30
01022106,Elberfelder Straße,67,54,38,44,38,59,51,81,69,59,63
01022201,Stephankiez,88,12,24,33,35,69,58,58,69,75,85
01022202,Heidestraße,-,4,3,-,3,3,6,3,3,3,3
01022203,Lübecker Straße,46,15,21,15,14,24,18,28,39,38,34
01022204,Thomasiusstraße,41,13,23,23,22,22,22,38,36,32,40
01022205,Zillesiedlung,10,7,7,9,8,10,6,3,12,16,12
01022206,Lüneburger Straße,19,15,12,13,13,9,21,26,22,25,23
01022207,Hansaviertel,108,138,134,143,126,87,53,56,90,77,97
01033101,Soldiner Straße,158,21,18,34,41,73,120,139,149,145,145
01033102,Gesundbrunnen,55,15,13,21,33,27,56,70,67,74,69
01033201,Brunnenstraße,70,25,24,30,21,30,34,37,56,64,61
01033202,Humboldthain Süd,45,22,9,12,21,30,35,38,46,40,52
01033203,Humboldthain Nordwest,114,25,18,25,25,58,76,106,104,116,122
01044101,Rehberge,94,27,24,27,39,43,67,73,95,82,84
01044102,Schillerpark,51,6,3,3,3,22,49,59,49,51,51
01044103,Westliche Müllerstraße,59,22,3,24,22,19,27,22,45,37,62
01044201,Reinickendorfer Straße,139,18,36,40,50,71,104,151,145,153,145
01044202,Sparrplatz,163,69,60,59,77,102,150,174,155,166,165
01044203,Leopoldplatz,122,30,52,54,55,62,77,90,122,140,119
02010101,Askanischer Platz,54,6,31,25,25,27,33,36,62,47,39
02010102,Mehringplatz,48,12,16,18,24,34,42,55,45,55,52
02010103,Moritzplatz,67,19,30,30,31,49,66,73,79,81,81
02010104,Wassertorplatz,42,19,15,15,12,30,36,43,43,41,38
02020201,Gleisdreieck/Entwicklungsgebiet,3,3,-,-,-,3,3,-,-,-,-
02020202,Rathaus Yorckstraße,43,24,48,46,31,49,49,67,54,47,46
02020203,Viktoriapark,99,58,57,49,63,59,83,87,93,103,93
02020204,Urbanstraße,135,64,71,81,71,96,128,125,135,138,148
02020205,Chamissokiez,143,113,103,77,111,123,119,159,171,154,159
02020206,Graefekiez,189,101,111,132,133,156,171,197,194,200,185
02030301,Oranienplatz,64,52,74,66,92,98,106,106,113,101,80
02030302,Lausitzer Platz,117,93,94,90,93,140,152,163,156,138,127
02030401,Reichenberger Straße,172,119,132,109,147,156,210,204,203,196,191
02030402,Wrangelkiez,147,124,120,170,152,180,191,210,172,148,156
02040501,Barnimkiez,11,6,12,13,4,3,13,9,15,12,9
02040502,Friedenstraße,48,10,9,17,19,19,28,40,36,34,46
02040503,Richard-Sorge-Viertel,86,18,31,27,28,39,66,73,85,89,81
02040701,Andreasviertel,91,24,36,50,62,69,83,88,88,83,84
02040702,Weberwiese,119,48,49,73,84,85,94,109,106,109,122
02040703,Wriezener Bahnhof/Entwicklungsgebiet,36,9,4,-,6,9,8,12,18,23,24
02050601,Hausburgviertel,106,34,39,28,48,68,86,98,99,100,110
02050602,Samariterviertel,237,102,112,114,118,184,210,230,234,238,230
02050801,Traveplatz,253,114,129,112,129,178,217,271,265,246,251
02050802,Boxhagener Platz,282,175,191,196,166,210,284,321,306,289,291
02050803,Stralauer Kiez,75,28,39,40,43,52,72,85,80,83,73
02050804,Stralauer Halbinsel,21,9,9,-,3,10,3,4,17,11,16
03010101,Bucher Forst,3,-,-,-,-,3,3,3,6,6,6
03010102,Buch,15,-,3,4,3,6,6,4,9,9,12
03010104,Lietzengraben,-,-,3,-,3,-,3,-,-,-,-
03020203,Blankenfelde,-,-,-,-,-,-,-,-,-,-,-
03020209,Niederschönhausen,17,9,13,12,12,9,21,23,18,22,19
03020210,Herthaplatz,6,-,6,3,6,10,3,18,13,6,10
03020307,Buchholz,17,-,-,3,-,3,-,9,6,13,10
03030405,Karow Nord,3,3,-,-,3,3,-,3,3,4,6
03030406,Alt-Karow,6,-,10,3,3,3,9,4,3,3,6
03030711,Blankenburg,-,-,-,-,3,-,3,-,-,3,-
03030715,Heinersdorf,7,-,-,-,-,3,-,3,6,3,6
03030716,Märchenland,-,-,-,-,-,-,-,-,-,-,-
03040508,Rosenthal,3,3,-,-,-,3,-,-,-,-,6
03040512,Wilhelmsruh,12,6,3,-,3,6,3,9,9,9,9
03040513,Schönholz,-,3,3,-,3,-,4,-,3,3,-
03040614,Pankow Zentrum,74,24,24,19,27,23,49,58,55,64,75
03040818,Pankow Süd,131,40,45,31,25,40,64,87,128,121,140
03050919,Gustav-Adolf-Straße,6,-,-,-,-,-,-,13,6,9,7
03050920,Weißer See,24,3,3,6,-,3,17,9,20,12,16
03050923,Weißenseer Spitze,48,3,6,4,6,19,25,34,26,37,46
03050924,Behaimstraße,29,12,13,12,9,18,15,21,25,31,32
03050925,Komponistenviertel Weißensee,19,9,9,-,3,-,6,6,16,21,24
03051017,Rennbahnstraße,3,3,4,-,-,6,3,-,6,8,6
03051021,Buschallee,15,6,3,6,6,6,22,17,12,7,10
03051022,Hansastraße,-,-,-,-,-,-,-,-,-,3,3
03061126,Arnimplatz,141,76,78,39,75,83,107,122,125,127,130
03061131,Falkplatz,93,116,109,82,86,81,102,96,103,100,96
03061227,Humannplatz,119,87,75,63,88,96,130,151,147,130,120
03061228,Erich-Weinert-Straße,93,34,40,26,45,49,58,64,100,105,116
03061332,Helmholtzplatz,254,182,171,153,142,177,242,265,271,250,254
03061429,Greifswalder Straße,23,-,-,3,-,6,9,12,16,21,22
03061430,Volkspark Prenzlauer Berg,6,-,3,6,-,-,-,9,9,-,12
03061434,Anton-Saefkow-Park,42,25,21,15,14,22,46,58,50,47,38
03061435,Conrad-Blenkle-Straße,26,22,12,15,21,31,37,32,33,31,28
03061441,Eldenaer Straße,22,3,-,-,10,12,18,16,19,21,18
03071536,Teutoburger Platz,130,108,112,101,98,133,153,164,185,135,139
03071537,Kollwitzplatz,159,117,115,81,107,116,112,145,150,160,166
03071633,Thälmannpark,18,-,-,-,4,7,6,9,12,3,15
03071638,Winsstraße,194,118,118,84,113,143,170,180,201,183,194
03071639,Bötzowstraße,70,75,70,41,54,61,79,82,75,62,68
04010101,Jungfernheide,29,9,6,15,5,12,30,45,35,33,35
04010102,Plötzensee,6,3,6,3,7,6,6,3,6,-,3
04010103,Paul-Hertz-Siedlung,10,3,3,-,4,-,12,6,9,12,15
04020204,Olympiagelände,-,-,-,-,-,-,-,-,-,-,-
04020205,Siedlung Ruhleben,-,-,3,-,-,-,-,-,-,3,6
04020206,Angerburger Allee,7,3,3,3,6,6,6,3,6,3,4
04020207,Flatowallee,10,6,6,9,3,12,15,12,18,12,10
04020208,Kranzallee,18,12,15,9,3,7,6,10,9,15,13
04020209,Eichkamp,47,59,53,53,47,59,47,42,52,43,46
04020310,Park Ruhwald,6,3,-,-,3,3,3,-,3,6,-
04020311,Reichsstraße,55,15,18,16,32,39,41,52,51,48,48
04020312,Branitzer Platz,16,4,3,15,6,3,7,9,12,16,9
04020313,Königin-Elisabeth-Straße,36,12,16,10,9,20,23,29,34,34,37
04020314,Messegelände,-,-,-,-,-,-,-,-,-,-,-
04030415,Schloßgarten,16,18,13,9,16,15,24,17,25,16,17
04030416,Klausenerplatz,52,28,37,39,46,42,62,60,57,58,59
04030417,Schloßstraße,70,42,30,31,45,51,67,91,72,60,62
04030518,Tegeler Weg,45,18,13,25,18,25,33,33,39,45,42
04030519,Kaiserin-Augusta-Allee,28,3,9,9,6,12,24,25,22,27,28
04030620,Alt-Lietzow,41,9,6,16,9,18,42,19,48,26,26
04030621,Spreestadt,7,3,9,9,12,10,12,8,9,15,9
04030622,Richard-Wagner-Straße,55,21,30,34,27,36,30,50,49,56,63
04030623,Ernst-Reuter-Platz,30,43,27,31,30,27,19,23,27,18,25
04030724,Lietzensee,25,12,18,17,13,24,27,25,29,33,31
04030725,Amtsgerichtsplatz,106,47,49,49,56,46,83,92,93,89,92
04030726,Droysenstraße,30,15,36,24,30,27,30,47,34,33,34
04030827,Karl-August-Platz,143,58,54,51,67,74,96,99,118,131,138
04030828,Savignyplatz,84,90,93,80,54,66,88,97,95,90,89
04030929,Hindemithplatz,41,33,27,31,27,20,30,33,33,35,49
04030930,George-Grosz-Platz,56,34,31,40,46,38,38,40,43,52,43
04030931,Breitscheidplatz,33,21,18,19,27,19,30,24,28,33,30
04031032,Halensee,69,48,40,35,37,52,55,75,69,69,57
04041133,Güterbahnhof Grunewald,-,-,-,-,-,-,-,-,-,-,-
04041134,Bismarckallee,34,39,41,47,35,37,42,44,39,26,33
04041135,Hundekehle,9,3,3,3,6,6,9,6,9,6,9
04041136,Hagenplatz,6,6,9,9,6,9,4,3,9,9,3
04041137,Flinsberger Platz,15,12,18,12,18,23,22,28,15,21,21
04041238,Kissinger Straße,6,-,-,3,3,-,22,15,12,19,8
04041239,Stadion Wilmersdorf,6,-,-,3,3,-,3,3,3,3,6
04041240,Messelpark,5,6,-,4,3,-,-,-,3,-,3
04041241,Breite Straße,15,6,6,-,4,7,6,7,13,9,13
04041342,Schlangenbader Straße,13,3,12,9,12,12,21,16,16,18,10
04041343,Binger Straße,7,12,9,12,6,9,9,9,19,12,9
04041344,Rüdesheimer Platz,36,12,18,26,24,31,21,38,38,33,34
04051445,Eisenzahnstraße,29,15,15,25,9,24,28,30,28,27,25
04051446,Preußenpark,59,39,42,42,37,37,45,53,62,61,60
04051447,Ludwigkirchplatz,18,15,12,12,9,18,21,15,22,27,18
04051448,Schaperstraße,59,38,36,31,48,37,58,59,49,55,56
04051549,Rathaus Wilmersdorf,12,18,9,7,6,6,7,16,18,13,9
04051550,Leon-Jessel-Platz,34,19,28,21,28,21,31,19,31,30,36
04051551,Brabanter Platz,17,3,25,18,18,23,27,13,21,25,24
04051652,Nikolsburger Platz,54,18,11,27,18,19,36,35,54,58,51
04051653,Prager Platz,30,16,12,9,19,21,18,27,23,21,24
04051654,Wilhelmsaue,12,9,-,3,-,6,-,7,10,9,3
04051655,Babelsberger Straße,39,18,18,33,28,34,29,33,37,34,48
04051656,Hildegardstraße,43,15,12,6,15,21,24,43,34,27,41
04061757,Forst Grunewald,-,-,-,-,-,-,-,-,-,-,-
05010101,Hakenfelde Nord,13,3,6,3,7,9,9,6,-,4,7
05010102,Goltzstraße,12,3,3,3,6,3,3,4,3,-,-
05010103,Amorbacher Weg,3,-,9,-,-,3,5,6,9,9,7
05010204,Griesingerstraße,6,-,-,3,3,-,3,-,-,-,-
05010205,An der Tränke,6,6,3,3,6,6,3,7,6,6,6
05010206,Gütersloher Weg,13,-,-,-,-,3,-,9,6,9,4
05010207,Darbystraße,3,7,6,9,3,6,9,4,12,9,6
05010208,Germersheimer Platz,7,-,-,-,-,6,6,12,12,6,12
05010209,An der Kappe,7,-,-,-,-,3,-,3,3,6,3
05010310,Eckschanze,10,3,6,3,3,6,-,13,6,6,9
05010311,Eiswerder,-,-,3,-,3,3,3,-,3,3,3
05010312,Kurstraße,10,-,-,-,-,3,3,10,22,19,18
05010313,Ackerstraße,18,-,-,3,4,-,9,32,19,18,15
05010314,Carl-Schurz-Straße,25,3,-,3,3,-,25,7,23,24,18
05010339,Freiheit,-,-,-,-,-,-,-,-,-,-,-
05020415,Isenburger Weg,3,-,-,-,-,3,-,-,3,4,3
05020416,Am Heideberg,-,-,-,-,-,-,-,-,-,-,-
05020417,Staakener Straße,3,6,-,-,3,-,3,-,3,-,6
05020418,Spandauer Straße,-,-,4,-,-,3,-,-,-,-,-
05020419,Magistratsweg,9,-,-,-,3,3,-,-,-,6,7
05020420,Werkstraße,-,-,-,-,-,-,-,3,-,-,-
05020521,Döberitzer Weg,3,-,-,-,-,-,-,-,-,-,-
05020522,Pillnitzer Weg,19,6,6,3,3,6,9,3,9,25,19
05020523,Maulbeerallee,15,-,3,7,3,3,6,6,-,3,17
05020524,Weinmeisterhornweg,3,-,-,3,3,6,10,4,6,6,6
05020625,Borkumer Straße,16,9,3,7,7,6,19,26,13,12,18
05020626,Adamstraße,39,12,12,9,15,12,12,24,28,21,33
05020627,Tiefwerder,4,3,6,7,3,3,12,13,12,16,13
05020628,Graetschelsteig,-,-,-,-,-,-,-,-,-,4,3
05020629,Börnicker Straße,9,15,10,9,4,12,12,17,12,12,8
05030730,Zitadellenweg,3,3,-,3,-,3,-,3,-,3,6
05030731,Gartenfelder Straße,22,3,7,10,9,9,12,15,16,22,20
05030832,Rohrdamm,36,6,6,-,-,6,9,13,12,12,15
05030833,Motardstraße,-,-,-,-,-,-,-,-,-,-,-
05040934,Alt-Gatow,3,-,-,-,-,-,-,-,7,6,3
05040935,Groß-Glienicker Weg,-,-,-,-,-,-,-,-,-,-,-
05040936,Jägerallee,15,9,12,12,12,9,9,3,6,10,13
05040937,Kladower Damm,-,-,3,-,-,-,-,-,3,-,-
05040938,Kafkastraße,7,3,-,-,3,-,3,-,-,3,6
06010101,Fichtenberg,21,10,9,3,9,15,15,13,26,22,21
06010102,Schloßstraße,25,21,27,22,22,19,42,36,39,30,35
06010103,Markelstraße,26,14,10,9,12,12,12,16,30,31,29
06010204,Munsterdamm,10,3,6,9,9,6,17,13,6,12,6
06010205,Südende,39,18,6,21,15,15,12,39,39,24,18
06010206,Stadtpark,9,6,3,6,10,18,18,3,16,12,6
06010207,Mittelstraße,6,3,12,9,9,9,15,12,9,3,9
06010208,Bergstraße,12,9,18,3,6,6,6,3,10,18,29
06010209,Feuerbachstraße,22,12,6,9,9,16,9,18,15,23,23
06010210,Bismarckstraße,3,-,4,3,-,-,3,9,6,6,9
06020301,Alt-Lankwitz,7,-,-,-,-,-,-,6,6,9,3
06020302,Komponistenviertel Lankwitz,6,3,7,-,3,-,3,6,3,3,9
06020303,Lankwitz Kirche,6,10,6,9,10,3,9,15,16,12,16
06020304,Kaiser-Wilhelm-Straße,6,6,-,3,-,12,7,-,3,6,7
06020305,Gemeindepark Lankwitz,37,22,38,45,43,47,47,59,47,47,12
06020306,Lankwitz Süd,3,-,-,-,-,-,-,-,-,-,-
06020407,Thermometersiedlung,34,13,6,12,15,9,7,25,22,42,35
06020408,Lichterfelde Süd,6,-,-,3,-,3,3,6,3,9,6
06020409,Königsberger Straße,21,-,6,3,6,9,15,12,15,12,19
06020410,Oberhofer Platz,12,3,-,9,6,7,3,3,9,9,9
06020411,Schütte-Lanz-Straße,25,6,15,6,9,6,12,3,9,15,15
06030501,Berlepschstraße,3,-,-,-,3,-,3,3,6,6,6
06030502,Zehlendorf Süd,9,12,-,12,16,7,12,3,9,7,4
06030503,Zehlendorf Mitte,28,6,6,9,7,12,19,22,21,19,24
06030504,Teltower Damm,12,3,15,12,6,9,12,17,13,18,17
06030605,Botanischer Garten,18,12,6,6,16,9,18,22,16,15,23
06030606,Hindenburgdamm,13,15,21,25,9,12,16,20,23,15,12
06030607,Goerzwerke,29,34,25,53,63,69,47,54,62,64,26
06030608,Schweizer Viertel,30,12,12,16,7,15,18,19,15,21,27
06030609,Augustaplatz,25,30,25,21,22,37,37,30,30,27,21
06030610,Lichterfelde West,23,9,21,15,21,15,17,36,30,22,27
06040701,Wannsee,21,16,16,13,15,15,13,19,15,16,18
06040702,Düppel,3,9,12,3,7,3,15,9,16,9,16
06040703,Nikolassee,39,66,82,85,44,50,31,30,32,30,35
06040804,Krumme Lanke,15,19,9,16,15,21,15,18,19,9,11
06040805,Fischerhüttenstraße,21,12,16,13,15,18,24,22,13,17,14
06040806,Fischtal,6,-,3,9,3,3,6,12,6,3,10
06040807,Zehlendorf Eiche,9,6,12,16,16,-,10,9,15,12,6
06040808,Hüttenweg,13,6,10,12,12,9,10,6,10,12,7
06040809,Thielallee,25,6,12,12,14,18,12,21,12,12,27
06040810,Dahlem,21,15,9,7,13,15,16,17,21,21,29
07010101,Wittenbergplatz/Viktoria-Luise-Platz,72,42,37,45,43,56,66,58,68,75,71
07010102,Nollendorfplatz,141,103,109,102,92,96,84,117,123,124,131
07010103,Barbarossaplatz,76,54,57,52,47,39,49,58,46,58,59
07010104,Dennewitzplatz,88,46,65,86,98,89,58,85,82,81,78
07020201,Bayerischer Platz,54,25,24,27,39,34,57,63,65,72,62
07020202,Volkspark (Rudolf-Wilde-Park),49,34,41,40,42,16,32,52,46,42,43
07020203,Kaiser-Wilhelm-Platz,133,86,76,84,87,102,97,110,113,115,143
07020204,Schöneberger Insel,84,42,58,72,52,72,59,54,61,59,75
07030301,Friedenau,80,57,60,62,64,51,73,73,65,75,82
07030302,Ceciliengärten,51,24,16,25,34,33,40,45,55,47,56
07030303,Grazer Platz,40,9,15,16,16,18,27,37,33,40,32
07040401,Neu-Tempelhof,69,16,21,24,24,41,47,55,64,67,65
07040402,Lindenhofsiedlung,-,-,-,-,-,-,-,-,-,-,-
07040403,Manteuffelstraße,72,31,27,28,30,52,45,62,54,51,71
07040404,Marienhöhe,-,-,-,-,-,6,3,6,6,6,3
07040405,Rathaus Tempelhof,27,7,6,-,9,7,21,38,22,25,33
07040406,Germaniagarten,17,-,3,-,3,3,9,9,18,18,26
07050501,Rathausstraße,25,9,12,15,12,15,9,14,25,22,29
07050502,Fritz-Werner-Straße,4,10,10,-,6,7,6,3,6,6,9
07050503,Eisenacher Straße,7,-,-,-,9,3,9,14,21,9,12
07050504,Imbrosweg,4,3,3,-,-,-,-,-,3,3,3
07050505,Hundsteinweg,3,6,9,9,6,6,-,6,6,9,13
07050506,Birnhornweg,6,7,-,3,3,6,6,3,-,3,-
07060601,Marienfelder Allee Nordwest,8,-,3,6,3,9,9,12,3,9,6
07060602,Kirchstraße,10,3,3,6,-,-,-,-,-,6,7
07060603,Marienfelde Nordost,-,-,-,-,3,-,3,4,3,3,-
07060604,Marienfelde Süd,16,-,3,-,3,3,3,6,6,13,19
07070701,Kettinger Straße/Schillerstraße,12,10,3,6,3,16,4,6,9,12,9
07070702,Alt-Lichtenrade/Töpchiner Weg,3,-,7,3,3,3,9,3,6,6,9
07070703,John-Locke-Straße,3,-,3,3,3,-,-,9,3,-,-
07070704,Nahariyastraße,3,-,4,-,3,-,-,-,-,-,-
07070705,Franziusweg/Rohrbachstraße,10,6,6,12,12,6,3,6,6,9,12
07070706,Horstwalder Straße/Paplitzer Straße,-,4,4,-,-,-,-,-,-,6,-
07070707,Wittelsbacherstraße,-,3,-,-,-,4,3,-,-,-,-
08010115,Hasenheide,3,7,-,9,9,6,6,-,3,3,9
08010116,Wissmannstraße,33,6,14,6,18,19,32,28,31,33,28
08010117,Schillerpromenade,168,46,39,65,59,114,131,185,177,177,165
08010118,Silbersteinstraße,100,18,27,36,33,57,77,115,113,108,87
08010211,Flughafenstraße,111,31,47,63,56,81,111,127,121,132,109
08010212,Rollberg,32,3,9,6,6,10,30,38,40,35,30
08010213,Körnerpark,114,13,27,12,36,73,104,110,133,115,113
08010214,Glasower Straße,47,28,33,21,27,27,41,36,52,65,46
08010301,Reuterkiez,334,129,160,177,190,265,307,348,347,332,304
08010302,Bouchéstraße,15,9,10,9,7,15,27,18,24,16,14
08010303,Donaustraße,91,34,27,52,64,75,96,122,107,110,92
08010404,Rixdorf,203,53,51,69,86,115,158,181,194,207,190
08010405,Hertzbergplatz,86,10,16,25,33,54,74,83,82,95,81
08010406,Treptower Straße Nord,61,3,9,13,6,9,23,47,44,46,50
08010407,Gewerbegebiet Ederstraße,3,-,-,-,9,9,3,3,6,6,9
08010508,Weiße Siedlung,15,-,3,6,3,-,9,11,15,16,18
08010509,Schulenburgpark,15,-,-,-,-,9,15,12,12,12,15
08010510,Gewerbegebiet Köllnische Heide,-,3,6,3,-,-,-,-,-,-,-
08020619,Buschkrugallee Nord,21,18,16,6,3,10,3,9,7,9,12
08020620,Tempelhofer Weg,25,-,6,3,-,12,16,23,21,18,18
08020621,Mohriner Allee Nord,-,3,-,9,4,6,3,3,-,3,3
08020622,Parchimer Allee,15,3,14,12,13,12,3,6,13,19,15
08020623,Ortolanweg,-,-,-,-,-,-,-,-,-,-,-
08020624,Britzer Garten,3,-,-,-,-,-,-,-,-,-,3
08020625,Handwerker-Siedlung,3,9,-,6,10,4,13,6,6,7,9
08020726,Buckow West,3,-,-,-,3,3,-,3,3,6,10
08020727,Buckow Mitte,6,18,18,3,6,12,15,6,10,6,6
08020728,Buckow Ost,9,3,3,7,-,-,9,10,6,6,6
08030829,Gropiusstadt Nord,9,15,6,12,12,12,9,7,12,18,19
08030830,Gropiusstadt Süd,10,7,-,3,-,6,6,12,12,9,3
08030831,Gropiusstadt Ost,9,3,9,4,3,9,9,7,12,10,12
08040932,Goldhähnchenweg,3,-,3,3,4,-,3,6,6,-,-
08040933,Vogelviertel Süd,3,-,3,3,-,4,3,-,6,-,-
08040934,Vogelviertel Nord,10,-,-,-,-,-,12,6,3,9,4
08041035,Blumenviertel,7,-,-,3,4,-,-,-,4,9,12
08041036,Zittauer Straße,9,-,3,3,3,-,6,10,3,6,3
08041037,Alt-Rudow,6,6,3,7,-,-,-,-,15,13,3
08041038,Waßmannsdorfer Chaussee,6,-,6,3,3,7,3,12,9,3,10
08041039,Frauenviertel,6,3,-,3,6,-,3,3,3,3,6
08041040,Waltersdorfer Chaussee Ost,3,9,12,3,9,9,11,3,6,9,9
09010101,Elsenstraße,83,15,18,27,34,42,61,55,64,71,78
09010102,Am Treptower Park Nord,-,-,-,3,-,-,-,-,-,-,-
09010201,Am Treptower Park Süd,13,-,3,3,-,3,4,6,3,3,3
09010202,Köpenicker Landstraße,16,-,-,-,-,-,-,-,-,3,10
09010301,Baumschulenstraße,52,6,9,3,6,15,32,54,45,45,50
09010302,Späthsfelde,-,-,-,-,-,-,-,-,-,-,-
09010401,Johannisthal West,3,6,-,4,-,-,-,3,-,3,6
09010402,Johannisthal Ost,12,6,3,3,3,9,6,6,9,10,6
09020501,Oberschöneweide West,12,3,3,-,3,3,10,6,9,12,19
09020502,Oberschöneweide Ost,33,3,9,-,6,12,3,19,18,21,31
09020601,Schnellerstraße,11,3,3,-,-,6,3,6,9,6,9
09020602,Oberspree,-,-,-,-,-,-,-,3,-,-,-
09020701,Adlershof West,20,-,-,-,-,-,-,-,6,10,12
09020702,Adlershof Ost,22,6,6,3,3,-,-,9,6,18,15
09020801,Spindlersfeld,-,-,-,-,-,-,-,-,-,-,-
09020802,Köllnische Vorstadt,10,6,-,-,4,-,3,3,9,9,13
09030901,Dorf Altglienicke,12,-,-,-,3,-,9,9,12,9,4
09030902,Wohngebiet II,6,-,-,-,-,-,-,-,-,3,3
09030903,Kölner Viertel,-,-,-,3,3,3,-,-,-,-,-
09031001,Bohnsdorf,12,-,-,-,-,-,7,6,4,9,6
09031101,Grünau,-,3,-,-,-,-,-,6,6,-,-
09031201,Karolinenhof,-,-,-,-,-,-,-,-,-,-,-
09031202,Schmöckwitz/Rauchfangswerder,3,-,-,3,3,-,4,3,-,7,3
09041301,Kietzer Feld/Nachtheide,6,3,3,3,-,-,7,4,4,3,3
09041302,Wendenschloß,3,-,-,-,3,3,-,3,6,-,3
09041401,Allende I,6,-,4,6,6,6,-,3,-,3,3
09041402,Allende II,-,-,-,-,-,-,-,-,-,3,3
09041501,Altstadt Kietz,9,-,-,3,6,6,6,-,4,6,9
09041601,Müggelheim,-,-,-,-,-,-,-,-,-,-,-
09051701,Hirschgarten,3,3,3,-,-,3,4,6,3,3,3
09051702,Bölschestraße,19,9,18,21,16,15,12,21,15,18,15
09051801,Rahnsdorf/Hessenwinkel,7,-,-,3,-,4,9,3,6,6,4
09051901,Dammvorstadt,11,-,3,3,9,3,13,6,6,10,6
09052001,Köpenick Nord,6,-,-,3,6,9,-,3,-,3,3
10010101,Marzahn West,-,-,-,-,-,-,-,-,3,3,-
10010102,Havemannstraße,-,-,6,7,-,-,4,3,3,4,3
10010203,Gewerbegebiet Bitterfelder Straße,-,-,-,-,-,-,3,3,6,-,3
10010204,Wuhletalstraße,4,-,-,-,-,-,-,3,3,-,8
10010205,Marzahn Ost,-,-,-,-,3,-,-,3,-,-,-
10010206,Ringkolonnaden,17,-,-,-,6,-,-,3,3,6,12
10010207,Marzahner Promenade,6,-,-,-,-,-,3,3,-,3,7
10010308,Marzahner Chaussee,-,-,-,-,-,-,3,-,3,3,4
10010309,Springpfuhl,13,-,-,3,3,3,-,3,6,9,7
10010310,Alt-Marzahn,12,-,3,-,-,-,3,3,3,6,10
10010311,Landsberger Tor,-,-,-,-,-,-,-,-,-,-,-
10020412,Alte Hellersdorfer Straße,6,-,-,-,-,-,-,4,-,3,6
10020413,Gut Hellersdorf,3,3,3,3,3,3,3,6,10,6,-
10020414,Helle Mitte,-,-,-,-,-,-,-,-,-,-,-
10020415,Hellersdorfer Promenade,22,-,-,-,-,-,-,6,3,7,13
10020416,Böhlener Straße,4,-,-,-,-,3,9,8,9,6,12
10020517,Adele-Sandrock-Straße,3,-,3,3,3,-,3,3,3,3,3
10020518,Schleipfuhl,-,-,-,-,-,3,-,-,3,6,3
10020519,Boulevard Kastanienallee,9,-,-,-,-,-,-,-,10,9,3
10020620,Kaulsdorf Nord II,-,3,-,-,-,-,-,3,-,-,3
10020621,Gelbes Viertel,7,3,-,-,-,-,-,3,-,7,6
10020622,Kaulsdorf Nord I,-,-,3,-,-,-,4,-,6,-,3
10020623,Rotes Viertel,3,3,-,-,3,-,-,-,-,-,-
10030724,Oberfeldstraße,27,57,67,29,51,50,41,38,6,18,22
10030725,Buckower Ring,-,3,-,-,-,-,-,-,-,-,-
10030726,Alt-Biesdorf,3,-,-,-,-,-,3,3,-,3,4
10030727,Biesdorf Süd,3,7,6,-,3,3,9,6,6,6,-
10040828,Kaulsdorf Nord,9,-,-,-,-,3,6,6,6,9,12
10040829,Alt-Kaulsdorf,-,-,-,-,-,-,-,-,-,-,-
10040830,Kaulsdorf Süd,3,-,-,-,-,-,-,-,-,3,-
10040931,Mahlsdorf Nord,-,3,-,-,-,-,-,-,-,3,3
10040932,Alt-Mahlsdorf,-,-,-,-,-,-,-,-,-,-,-
10040933,Mahlsdorf Süd,4,3,-,3,-,3,-,3,9,6,6
11010101,Dorf Malchow,-,-,-,-,-,-,-,-,-,-,-
11010102,Dorf Wartenberg,-,-,3,-,-,-,-,-,-,-,-
11010103,Dorf Falkenberg,-,-,-,-,-,-,-,-,-,-,-
11010204,Falkenberg Ost,12,-,-,-,-,-,-,10,3,12,13
11010205,Falkenberg West,3,-,-,-,3,-,-,-,3,-,3
11010206,Wartenberg Süd,6,-,-,-,-,-,-,6,-,3,4
11010207,Wartenberg Nord,6,-,-,-,-,-,3,-,6,6,6
11010308,Zingster Straße Ost,3,-,-,6,6,3,-,-,-,3,3
11010309,Zingster Straße West,-,-,-,-,-,6,3,9,6,-,-
11010310,Mühlengrund,-,-,-,-,-,-,-,-,-,-,-
11020411,Malchower Weg,7,-,-,3,-,-,-,-,3,3,7
11020412,Hauptstraße,4,-,-,-,-,-,3,6,3,6,3
11020513,Orankesee,3,-,-,-,-,-,-,-,3,6,7
11020514,Große-Leege-Straße,21,3,-,-,3,3,6,3,9,3,6
11020515,Landsberger Allee,9,7,3,6,9,-,6,6,18,19,22
11020516,Weiße Taube,-,-,3,3,-,3,4,3,-,-,-
11030617,Hohenschönhausener Straße,9,-,-,-,-,-,-,7,6,3,4
11030618,Fennpfuhl West,44,-,7,9,6,9,12,16,24,24,33
11030619,Fennpfuhl Ost,22,4,4,6,3,6,12,11,18,15,19
11030720,Herzbergstraße,43,15,16,7,9,9,22,20,22,21,18
11030721,Rüdigerstraße,43,6,13,-,9,18,37,38,38,51,59
11030824,Frankfurter Allee Süd,24,7,3,12,13,6,36,26,21,22,22
11040925,Victoriastadt,19,6,6,12,13,12,3,18,18,21,13
11040926,Weitlingstraße,78,6,9,10,22,24,48,56,62,81,95
11041022,Rosenfelder Ring,24,3,3,4,-,3,10,17,15,19,17
11041023,Gensinger Straße,3,-,-,-,-,-,-,3,6,6,3
11041027,Tierpark,12,6,3,3,3,3,6,13,9,7,12
11041128,Sewanstraße,32,31,26,18,31,36,55,51,30,33,39
11051229,Rummelsburg,9,3,3,3,-,3,6,18,9,12,6
11051330,Karlshorst West,13,22,13,9,12,21,30,34,18,26,25
11051331,Karlshorst Nord,10,3,3,3,9,3,9,6,6,3,9
11051332,Karlshorst Süd,15,-,-,-,-,3,-,3,-,3,9
12103115,Breitkopfbecken,16,3,3,-,6,6,24,24,9,10,17
12103116,Hausotterplatz,23,9,7,7,9,15,6,16,9,21,22
12103117,Letteplatz,35,12,9,12,6,9,3,25,19,19,21
12103218,Teichstraße,41,6,12,3,11,13,19,6,30,27,36
12103219,Schäfersee,19,3,-,7,7,9,6,12,19,29,21
12103220,Humboldtstraße,11,3,9,6,3,9,6,3,4,9,12
12214125,Waldidyll/Flughafensee,9,10,12,-,12,9,7,18,6,9,18
12214126,Tegel Süd,10,3,6,18,15,9,9,-,13,7,6
12214421,Reinickes Hof,9,6,3,6,-,3,9,13,6,6,9
12214422,Klixstraße,29,7,7,3,6,3,6,16,15,9,18
12214423,Mellerbogen,3,-,-,-,-,-,3,-,3,3,-
12214424,Scharnweberstraße,18,3,3,7,3,6,11,10,16,18,19
12214527,Alt-Tegel,22,-,9,8,3,9,12,11,7,16,15
12214528,Tegeler Forst,3,-,-,-,-,-,-,-,-,-,-
12224229,Konradshöhe/Tegelort,3,6,9,3,6,9,3,7,9,7,9
12224230,Heiligensee,18,18,14,9,13,9,21,25,21,18,18
12231101,Hermsdorf,10,9,6,6,6,9,10,12,13,9,9
12231102,Frohnau,28,-,3,-,3,9,10,4,6,14,15
12301203,Wittenau Süd,13,19,13,10,9,15,6,16,10,21,13
12301204,Wittenau Nord,18,18,19,15,13,12,16,22,22,21,21
12301205,Waidmannslust,3,-,-,-,-,-,-,10,3,3,3
12301206,Lübars,3,-,-,3,3,-,-,-,-,-,4
12302107,Schorfheidestraße,6,3,3,6,3,3,3,10,3,3,3
12302108,Märkisches Zentrum,9,9,7,16,12,12,19,13,9,12,7
12302109,Treuenbrietzener Straße,12,-,6,6,6,6,3,3,9,15,9
12302110,Dannenwalder Weg,9,3,7,3,-,3,11,6,6,9,15
12302211,Lübarser Straße,3,-,-,-,-,-,3,-,3,3,-
12302212,Rollbergesiedlung,9,-,3,6,3,6,9,3,13,3,9
12304313,Borsigwalde,13,6,-,3,12,6,14,-,15,9,13
12304314,Ziekowstraße/Freie Scholle,10,6,-,3,3,-,6,6,6,6,3
